<?xml version="1.0" encoding="utf-8"?>
<extension type="component" version="3.0.0" method="upgrade">
    <name>BaForms</name>
    <creationDate>06 April 2015</creationDate>
    <author>Balbooa</author>
    <copyright>Balbooa 2016</copyright>
    <license>http://www.gnu.org/licenses/gpl-2.0.html GNU/GPL</license>
    <authorEmail>support@balbooa.com</authorEmail>
    <authorUrl>http://balbooa.com</authorUrl>
    <version>1.7.2</version>
    <description>BAFORMS_DESCRIPTION</description>
    <install>
        <sql>
            <file driver="mysql" charset="utf8">installation/install.mysql.utf8.sql</file>
        </sql>
    </install>
    <uninstall>
        <sql>
            <file driver="mysql" charset="utf8">installation/uninstall.mysql.utf8.sql</file>
        </sql>
    </uninstall>
    <update>
        <schemas>
            <schemapath type="mysql">installation/updates/mysql</schemapath>
        </schemas>
    </update>
    <languages folder="site/language">
        <language tag="en-GB">en-GB/en-GB.com_baforms.ini</language>
    </languages>
    <files folder="site">
        <filename>baforms.php</filename>
        <filename>controller.php</filename>
        <filename>index.html</filename>
        <folder>assets</folder>
        <folder>controllers</folder>
        <folder>helpers</folder>
        <folder>language</folder>
        <folder>libraries</folder>
        <folder>models</folder>
        <folder>views</folder>		
    </files>
	<administration>
        <menu>forms</menu>
        <submenu>
            <menu link="option=com_baforms" view="forms"
                  alt="Forms/Forms">forms</menu>
            <menu link="option=com_baforms&amp;view=submissions"
                view="submissions" alt="Forms/Submissions">Submissions</menu>
        </submenu>
        <languages folder="admin/language">
            <language tag="en-GB">en-GB/en-GB.com_baforms.ini</language>
            <language tag="en-GB">en-GB/en-GB.com_baforms.sys.ini</language>
        </languages>
        <files folder="admin">
            <filename>baforms.php</filename>
            <filename>access.xml</filename>
            <filename>config.xml</filename>
            <filename>controller.php</filename>
            <filename>index.html</filename>
            <folder>assets</folder>
			<folder>controllers</folder>
            <folder>helpers</folder>
			<folder>installation</folder>
            <folder>language</folder>
			<folder>models</folder>
			<folder>tables</folder>
			<folder>views</folder>
		</files>
	</administration>
</extension>